body,title
"
Francisco Barbosa quiere que límite para procurador, contralor y fiscal supere el año.
","
La propuesta del Fiscal para ‘evitar afán de campañas presidenciales’
"
"
Francisco Barbosa quiere que límite para procurador, contralor y fiscal supere el año.
","
La propuesta del Fiscal para ‘evitar afán de campañas presidenciales’
"
"
Francisco Barbosa quiere que límite para procurador, contralor y fiscal supere el año.
","
La propuesta del Fiscal para ‘evitar afán de campañas presidenciales’
"
"
Francisco Barbosa quiere que límite para procurador, contralor y fiscal supere el año.
","
La propuesta del Fiscal para ‘evitar afán de campañas presidenciales’
"
"
Francisco Barbosa quiere que límite para procurador, contralor y fiscal supere el año.
","
La propuesta del Fiscal para ‘evitar afán de campañas presidenciales’
"
"
Francisco Barbosa quiere que límite para procurador, contralor y fiscal supere el año.
","
La propuesta del Fiscal para ‘evitar afán de campañas presidenciales’
"
"
Francisco Barbosa quiere que límite para procurador, contralor y fiscal supere el año.
","
La propuesta del Fiscal para ‘evitar afán de campañas presidenciales’
"
"
Francisco Barbosa quiere que límite para procurador, contralor y fiscal supere el año.
","
La propuesta del Fiscal para ‘evitar afán de campañas presidenciales’
"
"
Francisco Barbosa quiere que límite para procurador, contralor y fiscal supere el año.
","
La propuesta del Fiscal para ‘evitar afán de campañas presidenciales’
"
"
Francisco Barbosa quiere que límite para procurador, contralor y fiscal supere el año.
","
La propuesta del Fiscal para ‘evitar afán de campañas presidenciales’
"
"
Francisco Barbosa quiere que límite para procurador, contralor y fiscal supere el año.
","
La propuesta del Fiscal para ‘evitar afán de campañas presidenciales’
"
"
Francisco Barbosa quiere que límite para procurador, contralor y fiscal supere el año.
","
La propuesta del Fiscal para ‘evitar afán de campañas presidenciales’
"
"
Francisco Barbosa quiere que límite para procurador, contralor y fiscal supere el año.
","
La propuesta del Fiscal para ‘evitar afán de campañas presidenciales’
"
"
Francisco Barbosa quiere que límite para procurador, contralor y fiscal supere el año.
","
La propuesta del Fiscal para ‘evitar afán de campañas presidenciales’
"
"
Francisco Barbosa quiere que límite para procurador, contralor y fiscal supere el año.
","
La propuesta del Fiscal para ‘evitar afán de campañas presidenciales’
"
"
Francisco Barbosa quiere que límite para procurador, contralor y fiscal supere el año.
","
La propuesta del Fiscal para ‘evitar afán de campañas presidenciales’
"
"
Francisco Barbosa quiere que límite para procurador, contralor y fiscal supere el año.
","
La propuesta del Fiscal para ‘evitar afán de campañas presidenciales’
"
"
Francisco Barbosa quiere que límite para procurador, contralor y fiscal supere el año.
","
La propuesta del Fiscal para ‘evitar afán de campañas presidenciales’
"
"
Francisco Barbosa quiere que límite para procurador, contralor y fiscal supere el año.
","
La propuesta del Fiscal para ‘evitar afán de campañas presidenciales’
"
"
Francisco Barbosa quiere que límite para procurador, contralor y fiscal supere el año.
","
La propuesta del Fiscal para ‘evitar afán de campañas presidenciales’
"
"
Francisco Barbosa quiere que límite para procurador, contralor y fiscal supere el año.
","
La propuesta del Fiscal para ‘evitar afán de campañas presidenciales’
"
"
Francisco Barbosa quiere que límite para procurador, contralor y fiscal supere el año.
","
La propuesta del Fiscal para ‘evitar afán de campañas presidenciales’
"
"
Francisco Barbosa quiere que límite para procurador, contralor y fiscal supere el año.
","
La propuesta del Fiscal para ‘evitar afán de campañas presidenciales’
"
"
Francisco Barbosa quiere que límite para procurador, contralor y fiscal supere el año.
","
La propuesta del Fiscal para ‘evitar afán de campañas presidenciales’
"
"
Francisco Barbosa quiere que límite para procurador, contralor y fiscal supere el año.
","
La propuesta del Fiscal para ‘evitar afán de campañas presidenciales’
"
"
Francisco Barbosa quiere que límite para procurador, contralor y fiscal supere el año.
","
La propuesta del Fiscal para ‘evitar afán de campañas presidenciales’
"
"
Francisco Barbosa quiere que límite para procurador, contralor y fiscal supere el año.
","
La propuesta del Fiscal para ‘evitar afán de campañas presidenciales’
"
"
Francisco Barbosa quiere que límite para procurador, contralor y fiscal supere el año.
","
La propuesta del Fiscal para ‘evitar afán de campañas presidenciales’
"
"
Francisco Barbosa quiere que límite para procurador, contralor y fiscal supere el año.
","
La propuesta del Fiscal para ‘evitar afán de campañas presidenciales’
"
"
Francisco Barbosa quiere que límite para procurador, contralor y fiscal supere el año.
","
La propuesta del Fiscal para ‘evitar afán de campañas presidenciales’
"
"
Francisco Barbosa quiere que límite para procurador, contralor y fiscal supere el año.
","
La propuesta del Fiscal para ‘evitar afán de campañas presidenciales’
"
"
Francisco Barbosa quiere que límite para procurador, contralor y fiscal supere el año.
","
La propuesta del Fiscal para ‘evitar afán de campañas presidenciales’
"
"
Francisco Barbosa quiere que límite para procurador, contralor y fiscal supere el año.
","
La propuesta del Fiscal para ‘evitar afán de campañas presidenciales’
"
"
Francisco Barbosa quiere que límite para procurador, contralor y fiscal supere el año.
","
La propuesta del Fiscal para ‘evitar afán de campañas presidenciales’
"
"
Francisco Barbosa quiere que límite para procurador, contralor y fiscal supere el año.
","
La propuesta del Fiscal para ‘evitar afán de campañas presidenciales’
"
"
Francisco Barbosa quiere que límite para procurador, contralor y fiscal supere el año.
","
La propuesta del Fiscal para ‘evitar afán de campañas presidenciales’
"
"
Francisco Barbosa quiere que límite para procurador, contralor y fiscal supere el año.
","
La propuesta del Fiscal para ‘evitar afán de campañas presidenciales’
"
"
Francisco Barbosa quiere que límite para procurador, contralor y fiscal supere el año.
","
La propuesta del Fiscal para ‘evitar afán de campañas presidenciales’
"
"
Francisco Barbosa quiere que límite para procurador, contralor y fiscal supere el año.
","
La propuesta del Fiscal para ‘evitar afán de campañas presidenciales’
"
"
Francisco Barbosa quiere que límite para procurador, contralor y fiscal supere el año.
","
La propuesta del Fiscal para ‘evitar afán de campañas presidenciales’
"
"
Francisco Barbosa quiere que límite para procurador, contralor y fiscal supere el año.
","
La propuesta del Fiscal para ‘evitar afán de campañas presidenciales’
"
"
Francisco Barbosa quiere que límite para procurador, contralor y fiscal supere el año.
","
La propuesta del Fiscal para ‘evitar afán de campañas presidenciales’
"
"
Francisco Barbosa quiere que límite para procurador, contralor y fiscal supere el año.
","
La propuesta del Fiscal para ‘evitar afán de campañas presidenciales’
"
"
Francisco Barbosa quiere que límite para procurador, contralor y fiscal supere el año.
","
La propuesta del Fiscal para ‘evitar afán de campañas presidenciales’
"
"
Francisco Barbosa quiere que límite para procurador, contralor y fiscal supere el año.
","
La propuesta del Fiscal para ‘evitar afán de campañas presidenciales’
"
"
Francisco Barbosa quiere que límite para procurador, contralor y fiscal supere el año.
","
La propuesta del Fiscal para ‘evitar afán de campañas presidenciales’
"
"
Francisco Barbosa quiere que límite para procurador, contralor y fiscal supere el año.
","
La propuesta del Fiscal para ‘evitar afán de campañas presidenciales’
"
"
Francisco Barbosa quiere que límite para procurador, contralor y fiscal supere el año.
","
La propuesta del Fiscal para ‘evitar afán de campañas presidenciales’
"
"
Francisco Barbosa quiere que límite para procurador, contralor y fiscal supere el año.
","
La propuesta del Fiscal para ‘evitar afán de campañas presidenciales’
"
"
Francisco Barbosa quiere que límite para procurador, contralor y fiscal supere el año.
","
La propuesta del Fiscal para ‘evitar afán de campañas presidenciales’
"
"
Francisco Barbosa quiere que límite para procurador, contralor y fiscal supere el año.
","
La propuesta del Fiscal para ‘evitar afán de campañas presidenciales’
"
"
Francisco Barbosa quiere que límite para procurador, contralor y fiscal supere el año.
","
La propuesta del Fiscal para ‘evitar afán de campañas presidenciales’
"
"
Francisco Barbosa quiere que límite para procurador, contralor y fiscal supere el año.
","
La propuesta del Fiscal para ‘evitar afán de campañas presidenciales’
"
"
Francisco Barbosa quiere que límite para procurador, contralor y fiscal supere el año.
","
La propuesta del Fiscal para ‘evitar afán de campañas presidenciales’
"
"
Francisco Barbosa quiere que límite para procurador, contralor y fiscal supere el año.
","
La propuesta del Fiscal para ‘evitar afán de campañas presidenciales’
"
"
Francisco Barbosa quiere que límite para procurador, contralor y fiscal supere el año.
","
La propuesta del Fiscal para ‘evitar afán de campañas presidenciales’
"
"
Francisco Barbosa quiere que límite para procurador, contralor y fiscal supere el año.
","
La propuesta del Fiscal para ‘evitar afán de campañas presidenciales’
"
"
Francisco Barbosa quiere que límite para procurador, contralor y fiscal supere el año.
","
La propuesta del Fiscal para ‘evitar afán de campañas presidenciales’
"
"
Francisco Barbosa quiere que límite para procurador, contralor y fiscal supere el año.
","
La propuesta del Fiscal para ‘evitar afán de campañas presidenciales’
"
"
Francisco Barbosa quiere que límite para procurador, contralor y fiscal supere el año.
","
La propuesta del Fiscal para ‘evitar afán de campañas presidenciales’
"
"
Francisco Barbosa quiere que límite para procurador, contralor y fiscal supere el año.
","
La propuesta del Fiscal para ‘evitar afán de campañas presidenciales’
"
"
Francisco Barbosa quiere que límite para procurador, contralor y fiscal supere el año.
","
La propuesta del Fiscal para ‘evitar afán de campañas presidenciales’
"
"
Francisco Barbosa quiere que límite para procurador, contralor y fiscal supere el año.
","
La propuesta del Fiscal para ‘evitar afán de campañas presidenciales’
"
"
Francisco Barbosa quiere que límite para procurador, contralor y fiscal supere el año.
","
La propuesta del Fiscal para ‘evitar afán de campañas presidenciales’
"
"
Francisco Barbosa quiere que límite para procurador, contralor y fiscal supere el año.
","
La propuesta del Fiscal para ‘evitar afán de campañas presidenciales’
"
"
Francisco Barbosa quiere que límite para procurador, contralor y fiscal supere el año.
","
La propuesta del Fiscal para ‘evitar afán de campañas presidenciales’
"
"
Francisco Barbosa quiere que límite para procurador, contralor y fiscal supere el año.
","
La propuesta del Fiscal para ‘evitar afán de campañas presidenciales’
"
"
Francisco Barbosa quiere que límite para procurador, contralor y fiscal supere el año.
","
La propuesta del Fiscal para ‘evitar afán de campañas presidenciales’
"
"
Francisco Barbosa quiere que límite para procurador, contralor y fiscal supere el año.
","
La propuesta del Fiscal para ‘evitar afán de campañas presidenciales’
"
"
Francisco Barbosa quiere que límite para procurador, contralor y fiscal supere el año.
","
La propuesta del Fiscal para ‘evitar afán de campañas presidenciales’
"
"
Francisco Barbosa quiere que límite para procurador, contralor y fiscal supere el año.
","
La propuesta del Fiscal para ‘evitar afán de campañas presidenciales’
"
"
Francisco Barbosa quiere que límite para procurador, contralor y fiscal supere el año.
","
La propuesta del Fiscal para ‘evitar afán de campañas presidenciales’
"
"
Francisco Barbosa quiere que límite para procurador, contralor y fiscal supere el año.
","
La propuesta del Fiscal para ‘evitar afán de campañas presidenciales’
"
"
Francisco Barbosa quiere que límite para procurador, contralor y fiscal supere el año.
","
La propuesta del Fiscal para ‘evitar afán de campañas presidenciales’
"
"
Francisco Barbosa quiere que límite para procurador, contralor y fiscal supere el año.
","
La propuesta del Fiscal para ‘evitar afán de campañas presidenciales’
"
"
Francisco Barbosa quiere que límite para procurador, contralor y fiscal supere el año.
","
La propuesta del Fiscal para ‘evitar afán de campañas presidenciales’
"
"
Francisco Barbosa quiere que límite para procurador, contralor y fiscal supere el año.
","
La propuesta del Fiscal para ‘evitar afán de campañas presidenciales’
"
"
Francisco Barbosa quiere que límite para procurador, contralor y fiscal supere el año.
","
La propuesta del Fiscal para ‘evitar afán de campañas presidenciales’
"
"
Francisco Barbosa quiere que límite para procurador, contralor y fiscal supere el año.
","
La propuesta del Fiscal para ‘evitar afán de campañas presidenciales’
"
"
Francisco Barbosa quiere que límite para procurador, contralor y fiscal supere el año.
","
La propuesta del Fiscal para ‘evitar afán de campañas presidenciales’
"
"
Francisco Barbosa quiere que límite para procurador, contralor y fiscal supere el año.
","
La propuesta del Fiscal para ‘evitar afán de campañas presidenciales’
"
"
Francisco Barbosa quiere que límite para procurador, contralor y fiscal supere el año.
","
La propuesta del Fiscal para ‘evitar afán de campañas presidenciales’
"
"
Francisco Barbosa quiere que límite para procurador, contralor y fiscal supere el año.
","
La propuesta del Fiscal para ‘evitar afán de campañas presidenciales’
"
